,0
0,http://heblocalescomerciales.com/terreno-renta-cerro-gordo-leon/3044916
1,http://heblocalescomerciales.com/local-renta-chapultepec-guadalupe/3044922
2,http://heblocalescomerciales.com/terreno-renta-blvd-sor-juana-ines-de-la-cur-garcia/3045160
3,http://heblocalescomerciales.com/terreno-renta-pape-monclova/3045040
4,http://heblocalescomerciales.com/terreno-renta-san-roque-juarez/3045200
5,http://heblocalescomerciales.com/apartaestudio-renta-eloy-cavazos-juarez/5014881
6,http://heblocalescomerciales.com/terreno-renta-pape-monclova/3045037
7,http://heblocalescomerciales.com/local-renta-los-morales-san-nicolas-de-los-garza/3045004
8,http://heblocalescomerciales.com/local-renta-chapultepec-guadalupe/3044924
9,http://heblocalescomerciales.com/local-renta-san-patricio-saltillo/3045060
10,http://heblocalescomerciales.com/local-renta-cerradas-de-anahuac-escobedo/4968807
11,http://heblocalescomerciales.com/local-renta-jarachinas-reynosa/3045255
12,http://heblocalescomerciales.com/terreno-renta-pulgas-pandas-aguascalientes/3044896
13,http://heblocalescomerciales.com/terreno-renta-las-margaritas-apodaca/4521046
14,http://heblocalescomerciales.com/local-renta-monterrey/3044996
15,http://heblocalescomerciales.com/local-renta-campestre-nuevo-laredo/3045095
16,http://heblocalescomerciales.com/local-renta-las-puentes-san-nicolas-de-los-garza/3045000
17,http://heblocalescomerciales.com/local-renta-las-puentes-san-nicolas-de-los-garza/3044998
18,http://heblocalescomerciales.com/local-renta-gonzalitos-monterrey/3045119
19,http://heblocalescomerciales.com/terreno-renta-senderos-torreon/4557500
20,http://heblocalescomerciales.com/local-renta-senderos-torreon/3045081
21,http://heblocalescomerciales.com/local-renta-san-roque-juarez/3045201
22,http://heblocalescomerciales.com/local-renta-la-puerta-santa-catarina/4290756
23,http://heblocalescomerciales.com/local-renta-monterrey/3044989
24,http://heblocalescomerciales.com/local-renta-las-margaritas-apodaca/4520828
25,http://heblocalescomerciales.com/terreno-renta-bugambilias-reynosa/3045243
26,http://heblocalescomerciales.com/terreno-renta-los-pinos-san-luis-potosi/3045008
27,http://heblocalescomerciales.com/local-renta-universidad-san-nicolas-de-los-garza/5037459
28,http://heblocalescomerciales.com/local-renta-san-roque-juarez/4968347
29,http://heblocalescomerciales.com/local-renta-senderos-torreon/4944402
30,http://heblocalescomerciales.com/terreno-renta-jarachinas-reynosa/3045268
31,http://heblocalescomerciales.com/local-renta-guadalupe/3488758
32,http://heblocalescomerciales.com/oficina-renta-lincoln-monterrey/3044976
33,http://heblocalescomerciales.com/local-renta-gonzalitos-monterrey/3045109
34,http://heblocalescomerciales.com/local-renta-gonzalitos-monterrey/3045117
35,http://heblocalescomerciales.com/oficina-renta-gomez-morin-san-pedro/3044926
36,http://heblocalescomerciales.com/terreno-renta-reynosa/3045276
37,http://heblocalescomerciales.com/local-renta-gonzalitos-monterrey/4923521
38,http://heblocalescomerciales.com/local-renta-gonzalitos-monterrey/3045120
39,http://heblocalescomerciales.com/local-renta-gonzalitos-monterrey/4507976
40,http://heblocalescomerciales.com/local-renta-gonzalitos-monterrey/3045135
41,http://heblocalescomerciales.com/local-renta-gonzalitos-monterrey/3045133
42,http://heblocalescomerciales.com/local-renta-gonzalitos-monterrey/3045130
43,http://heblocalescomerciales.com/local-renta-gonzalitos-monterrey/3045110
44,http://heblocalescomerciales.com/local-renta-gonzalitos-monterrey/3045121
45,http://heblocalescomerciales.com/local-renta-jarachinas-reynosa/3045266
46,http://heblocalescomerciales.com/local-renta-torreon/3045080
47,http://heblocalescomerciales.com/local-renta-senderos-torreon/3045077
48,http://heblocalescomerciales.com/local-renta-pape-monclova/3045029
49,http://heblocalescomerciales.com/local-renta-jarachinas-reynosa/3045259
50,http://heblocalescomerciales.com/local-renta-gonzalitos-monterrey/3045126
51,http://heblocalescomerciales.com/local-renta-gonzalitos-monterrey/3045124
52,http://heblocalescomerciales.com/terreno-renta-jarachinas-reynosa/3045271
53,http://heblocalescomerciales.com/oficina-renta-gomez-morin-san-pedro/3044925
54,http://heblocalescomerciales.com/local-renta-cavazos-lerma-matamoros/3045087
55,http://heblocalescomerciales.com/local-renta-jarachinas-reynosa/3045264
56,http://heblocalescomerciales.com/local-renta-senderos-torreon/3045076
57,http://heblocalescomerciales.com/local-renta-senderos-torreon/3045072
58,http://heblocalescomerciales.com/local-renta-gonzalitos-monterrey/3045104
59,http://heblocalescomerciales.com/local-renta-ave-guerrero-irapuato/3044962
60,http://heblocalescomerciales.com/local-renta-la-puerta-santa-catarina/3044985
61,http://heblocalescomerciales.com/local-renta-monterrey/3233984
62,http://heblocalescomerciales.com/local-renta-pape-monclova/3045012
63,http://heblocalescomerciales.com/local-renta-pape-monclova/3045021
64,http://heblocalescomerciales.com/local-renta-cerro-gordo-leon/3044911
65,http://heblocalescomerciales.com/local-renta-revolucion-torreon/3236761
66,http://heblocalescomerciales.com/isla-renta-ejercito-tampico/3044929
67,http://heblocalescomerciales.com/local-renta-gonzalitos-monterrey/3045108
68,http://heblocalescomerciales.com/local-renta-pape-monclova/3045027
69,http://heblocalescomerciales.com/local-renta-metroplex-apodaca/3045169
70,http://heblocalescomerciales.com/local-renta-metroplex-apodaca/3045166
71,http://heblocalescomerciales.com/local-renta-gonzalitos-monterrey/3045112
72,http://heblocalescomerciales.com/local-renta-pulgas-pandas-aguascalientes/3044890
73,http://heblocalescomerciales.com/local-renta-bugambilias-reynosa/3045225
74,http://heblocalescomerciales.com/local-renta-pape-monclova/3045016
75,http://heblocalescomerciales.com/local-renta-cavazos-lerma-matamoros/3045088
76,http://heblocalescomerciales.com/local-renta-reynosa/3045263
77,http://heblocalescomerciales.com/local-renta-revolucion-torreon/3045055
78,http://heblocalescomerciales.com/local-renta-independencia-torreon/3044944
79,http://heblocalescomerciales.com/local-renta-pulgas-pandas-aguascalientes/3044894
80,http://heblocalescomerciales.com/local-renta-las-margaritas-apodaca/4520827
81,http://heblocalescomerciales.com/local-renta-ave-guerrero-irapuato/3044959
82,http://heblocalescomerciales.com/local-renta-ave-guerrero-irapuato/3044957
83,http://heblocalescomerciales.com/local-renta-ave-guerrero-irapuato/3044953
84,http://heblocalescomerciales.com/local-renta-revolucion-torreon/3045054
85,http://heblocalescomerciales.com/local-renta-ave-guerrero-irapuato/3044949
86,http://heblocalescomerciales.com/local-renta-jarachinas-reynosa/3045261
87,http://heblocalescomerciales.com/isla-renta-gonzalitos-monterrey/3045140
88,http://heblocalescomerciales.com/isla-renta-hidalgo-hidalgo/3044933
89,http://heblocalescomerciales.com/local-renta-ciudadela-juarez/3045148
90,http://heblocalescomerciales.com/local-renta-ciudadela-juarez/3045146
91,http://heblocalescomerciales.com/local-renta-las-margaritas-apodaca/4520825
92,http://heblocalescomerciales.com/local-renta-las-margaritas-apodaca/4520824
93,http://heblocalescomerciales.com/local-renta-ave-guerrero-irapuato/3044955
94,http://heblocalescomerciales.com/local-renta-revolucion-torreon/3045053
95,http://heblocalescomerciales.com/local-renta-senderos-torreon/3233967
96,http://heblocalescomerciales.com/local-renta-senderos-torreon/3523305
97,http://heblocalescomerciales.com/local-renta-senderos-torreon/3435225
98,http://heblocalescomerciales.com/local-renta-juarez/5014799
99,http://heblocalescomerciales.com/local-renta-raul-salinas-escobedo/3045193
100,http://heblocalescomerciales.com/isla-renta-torreon/3044935
101,http://heblocalescomerciales.com/local-renta-valle-de-santa-maria-pesqueria/3045210
102,http://heblocalescomerciales.com/local-renta-valle-de-santa-maria-pesqueria/3045208
103,http://heblocalescomerciales.com/local-renta-jarachinas-reynosa/3045250
104,http://heblocalescomerciales.com/local-renta-raul-salinas-escobedo/3045189
105,http://heblocalescomerciales.com/local-renta-raul-salinas-escobedo/3045191
106,http://heblocalescomerciales.com/local-renta-raul-salinas-escobedo/3045187
107,http://heblocalescomerciales.com/local-renta-raul-salinas-escobedo/3045184
108,http://heblocalescomerciales.com/local-renta-raul-salinas-escobedo/3045177
109,http://heblocalescomerciales.com/local-renta-raul-salinas-escobedo/3045177
